﻿<?xml version="1.0" ?>
<!DOCTYPE game SYSTEM "game.dtd">
<game>
        <info name="African Front WW2" version="1.0.0"/>
        <loader javaClass="games.strategy.triplea.TripleA"/>
        <map>
<!-- Territory Definitions -->
<territory name="Al Hayz"/>
<territory name="Al Jaghbub"/>
<territory name="Al Marj"/>
<territory name="Al Misallah"/>
<territory name="Alexandria"/>
<territory name="Annaba"/>
<territory name="Ash Shwayrif"/>
<territory name="Awbari"/>
<territory name="Az Zaytun"/>
<territory name="Bawiti"/>
<territory name="Beja"/>
<territory name="Benghazi"/>
<territory name="Bin Jawad"/>
<territory name="Bir bin Ghunayma"/>
<territory name="Biskra"/>
<territory name="Brak"/>
<territory name="Cairo"/>
<territory name="Cara"/>
<territory name="Derna"/>
<territory name="El Alamein"/>
<territory name="El Borma"/>
<territory name="El Oued"/>
<territory name="Gabes"/>
<territory name="Ghani Field"/>
<territory name="Hassi Messaoud"/>
<territory name="Houmt Souk"/>
<territory name="In Amenas"/>
<territory name="Jalu"/>
<territory name="Jendouba"/>
<territory name="Kairouan"/>
<territory name="Khenchela"/>
<territory name="Mallawi"/>
<territory name="Marsa Matruh"/>
<territory name="Mediterranean Sea" water="true"/>
<territory name="Minya"/>
<territory name="Misrata"/>
<territory name="Musaid"/>
<territory name="Ouargla"/>
<territory name="Port Said"/>
<territory name="Sfax"/>
<territory name="Shahat"/>
<territory name="Sidi Barrani"/>
<territory name="Sidi Bouzid"/>
<territory name="Sirte"/>
<territory name="Suez"/>
<territory name="Tobruk"/>
<territory name="Touggourt"/>
<territory name="Tripoli"/>
<territory name="Tunis"/>
<territory name="Nabuel"/>
<territory name="Beni Suef"/>
<territory name="Janzur"/>
<territory name="Ariana"/>
<territory name="Tajoura"/>
<territory name="Madinaty"/>

<!-- Territory Connections -->
<connection t1="Gabes" t2="Houmt Souk"/>
<connection t1="Tripoli" t2="Janzur"/>
<connection t1="Houmt Souk" t2="Janzur"/>
<connection t1="Ash Shwayrif" t2="Janzur"/>
<connection t1="Janzur" t2="Tajoura"/>
<connection t1="Misrata" t2="Tajoura"/>
<connection t1="Tripoli" t2="Tajoura"/>
<connection t1="Tunis" t2="Ariana"/>
<connection t1="Tunis" t2="Nabuel"/>
<connection t1="Sfax" t2="Nabuel"/>
<connection t1="Kairouan" t2="Nabuel"/>
<connection t1="Kairouan" t2="Ariana"/>
<connection t1="Beja" t2="Ariana"/>
<connection t1="Beni Suef" t2="Cairo"/>
<connection t1="Madinaty" t2="Cairo"/>
<connection t1="Madinaty" t2="Port Said"/>
<connection t1="Madinaty" t2="Suez"/>
<connection t1="Madinaty" t2="Mallawi"/>
<connection t1="Beni Suef" t2="Minya"/>
<connection t1="Beni Suef" t2="Bawiti"/>
<connection t1="Beni Suef" t2="Alexandria"/>
<connection t1="Beni Suef" t2="Port Said"/>
<connection t1="Al Hayz" t2="Az Zaytun"/>
<connection t1="Al Hayz" t2="Bawiti"/>
<connection t1="Al Hayz" t2="Cara"/>
<connection t1="Al Hayz" t2="El Alamein"/>
<connection t1="Al Hayz" t2="Marsa Matruh"/>
<connection t1="Al Jaghbub" t2="Al Misallah"/>
<connection t1="Al Jaghbub" t2="Az Zaytun"/>
<connection t1="Al Jaghbub" t2="Bir bin Ghunayma"/>
<connection t1="Al Jaghbub" t2="Cara"/>
<connection t1="Al Jaghbub" t2="Musaid"/>
<connection t1="Al Jaghbub" t2="Tobruk"/>
<connection t1="Al Marj" t2="Benghazi"/>
<connection t1="Al Marj" t2="Bir bin Ghunayma"/>
<connection t1="Al Marj" t2="Shahat"/>
<connection t1="Al Misallah" t2="Bin Jawad"/>
<connection t1="Al Misallah" t2="Bir bin Ghunayma"/>
<connection t1="Al Misallah" t2="Jalu"/>
<connection t1="Alexandria" t2="Bawiti"/>
<connection t1="Alexandria" t2="El Alamein"/>
<connection t1="Alexandria" t2="Port Said"/>
<connection t1="Annaba" t2="Jendouba"/>
<connection t1="Annaba" t2="Khenchela"/>
<connection t1="Annaba" t2="Sidi Bouzid"/>
<connection t1="Ash Shwayrif" t2="Awbari"/>
<connection t1="Ash Shwayrif" t2="Brak"/>
<connection t1="Ash Shwayrif" t2="Ghani Field"/>
<connection t1="Ash Shwayrif" t2="Houmt Souk"/>
<connection t1="Ash Shwayrif" t2="In Amenas"/>
<connection t1="Ash Shwayrif" t2="Misrata"/>
<connection t1="Awbari" t2="Brak"/>
<connection t1="Awbari" t2="El Borma"/>
<connection t1="Awbari" t2="In Amenas"/>
<connection t1="Az Zaytun" t2="Cara"/>
<connection t1="Bawiti" t2="Minya"/>
<connection t1="Beja" t2="Jendouba"/>
<connection t1="Beja" t2="Kairouan"/>
<connection t1="Beja" t2="Sidi Bouzid"/>
<connection t1="Benghazi" t2="Bin Jawad"/>
<connection t1="Benghazi" t2="Bir bin Ghunayma"/>
<connection t1="Bin Jawad" t2="Bir bin Ghunayma"/>
<connection t1="Bin Jawad" t2="Ghani Field"/>
<connection t1="Bin Jawad" t2="Jalu"/>
<connection t1="Bin Jawad" t2="Sirte"/>
<connection t1="Bir bin Ghunayma" t2="Derna"/>
<connection t1="Bir bin Ghunayma" t2="Shahat"/>
<connection t1="Biskra" t2="El Oued"/>
<connection t1="Biskra" t2="Gabes"/>
<connection t1="Biskra" t2="Houmt Souk"/>
<connection t1="Biskra" t2="In Amenas"/>
<connection t1="Biskra" t2="Ouargla"/>
<connection t1="Biskra" t2="Sidi Bouzid"/>
<connection t1="Brak" t2="Ghani Field"/>
<connection t1="Brak" t2="Jalu"/>
<connection t1="Cara" t2="Sidi Barrani"/>
<connection t1="Derna" t2="Shahat"/>
<connection t1="Derna" t2="Tobruk"/>
<connection t1="El Alamein" t2="Marsa Matruh"/>
<connection t1="El Borma" t2="El Oued"/>
<connection t1="El Borma" t2="Hassi Messaoud"/>
<connection t1="El Borma" t2="In Amenas"/>
<connection t1="El Oued" t2="In Amenas"/>
<connection t1="El Oued" t2="Ouargla"/>
<connection t1="El Oued" t2="Touggourt"/>
<connection t1="Gabes" t2="Kairouan"/>
<connection t1="Gabes" t2="Sfax"/>
<connection t1="Gabes" t2="Sidi Bouzid"/>
<connection t1="Ghani Field" t2="Jalu"/>
<connection t1="Ghani Field" t2="Misrata"/>
<connection t1="Ghani Field" t2="Sirte"/>
<connection t1="Hassi Messaoud" t2="Touggourt"/>
<connection t1="Houmt Souk" t2="In Amenas"/>
<connection t1="Jendouba" t2="Sidi Bouzid"/>
<connection t1="Kairouan" t2="Sfax"/>
<connection t1="Kairouan" t2="Sidi Bouzid"/>
<connection t1="Khenchela" t2="Ouargla"/>
<connection t1="Khenchela" t2="Sidi Bouzid"/>
<connection t1="Khenchela" t2="Touggourt"/>
<connection t1="Mallawi" t2="Minya"/>
<connection t1="Marsa Matruh" t2="Sidi Barrani"/>
<connection t1="Misrata" t2="Sirte"/>
<connection t1="Musaid" t2="Sidi Barrani"/>
<connection t1="Musaid" t2="Tobruk"/>
<connection t1="Ouargla" t2="Sidi Bouzid"/>
<connection t1="Ouargla" t2="Touggourt"/>
<connection t1="Port Said" t2="Suez"/>
<connection t1="Madinaty" t2="Beni Suef"/>


        </map>
        <resourceList>
                <resource name="PUs"/>
        </resourceList>
        <playerList>
                <!-- In turn order -->
                <player name="Italians" optional="false"/>
                <player name="British" optional="false"/>
                <player name="French" optional="false"/>
				<!-- Axis alliance -->
				<alliance player="Italians" alliance="Axis"/>
				<!-- Allies alliance -->
				<alliance player="British" alliance="Allies"/>
				<alliance player="French" alliance="Allies"/>
        </playerList>
        <unitList>
                <unit name="Infantry"/>
                <unit name="Artillery"/>
                <unit name="Armour"/>
                <unit name="Mech.Inf"/>
                <unit name="Cavalry"/>
                <unit name="Panzer"/>
				
                <unit name="Fighter"/>
				
                <unit name="Factory"/>
        </unitList>
		<territoryEffectList>
				<territoryEffect name="sea" />
				<territoryEffect name="desert" />
				<territoryEffect name="city" />
				<territoryEffect name="coastal" />
		</territoryEffectList>
        <gamePlay>
                <delegate name="initDelegate" javaClass="games.strategy.triplea.delegate.InitializationDelegate" display="Initializing Delegates"/>
                <delegate name="bid" javaClass="games.strategy.triplea.delegate.BidPurchaseDelegate" display="Bid Purchase"/>
                <delegate name="placeBid" javaClass="games.strategy.triplea.delegate.BidPlaceDelegate" display="Bid Placement"/>
                <delegate name="tech" javaClass="games.strategy.triplea.delegate.TechnologyDelegate" display="Research Technology"/>
                <delegate name="tech_Activation" javaClass="games.strategy.triplea.delegate.TechActivationDelegate" display="Activate Technology"/>
                <delegate name="purchase" javaClass="games.strategy.triplea.delegate.PurchaseDelegate" display="Purchase Units"/>
                <delegate name="move" javaClass="games.strategy.triplea.delegate.MoveDelegate" display="Combat Move"/>
                <delegate name="battle" javaClass="games.strategy.triplea.delegate.BattleDelegate" display="Combat"/>
                <delegate name="place" javaClass="games.strategy.triplea.delegate.PlaceDelegate" display="Place Units"/>
                <delegate name="endTurn" javaClass="games.strategy.triplea.delegate.EndTurnDelegate" display="Turn Complete"/>
                <delegate name="endRound" javaClass="games.strategy.triplea.delegate.EndRoundDelegate" display="Round Complete"/>
                <sequence>
                        <step name="gameInitDelegate" delegate="initDelegate" maxRunCount="1"/>

						<step name="italiansCombatMove" delegate="move" player="Italians"/>
						<step name="italiansPurchase" delegate="purchase" player="Italians"/>
						<step name="italiansBattle" delegate="battle" player="Italians"/>
						<step name="italiansNonCombatMove" delegate="move" player="Italians" display="Non Combat Move"/>
						<step name="italiansPlace" delegate="place" player="Italians"/>
						<step name="italiansEndTurn" delegate="endTurn" player="Italians"/>
					
						<step name="britishCombatMove" delegate="move" player="British"/>
						<step name="britishPurchase" delegate="purchase" player="British"/>
						<step name="britishBattle" delegate="battle" player="British"/>
						<step name="britishNonCombatMove" delegate="move" player="British" display="Non Combat Move"/>
						<step name="britishPlace" delegate="place" player="British"/>
						<step name="britishEndTurn" delegate="endTurn" player="British"/>
						
						<step name="frenchCombatMove" delegate="move" player="French"/>
						<step name="frenchPurchase" delegate="purchase" player="French"/>
						<step name="frenchBattle" delegate="battle" player="French"/>
						<step name="frenchNonCombatMove" delegate="move" player="French" display="Non Combat Move"/>
						<step name="frenchPlace" delegate="place" player="French"/>
						<step name="frenchEndTurn" delegate="endTurn" player="French"/>
							
						<step name="endRoundStep" delegate="endRound"/>					
	  						
                </sequence>
        </gamePlay>
        <production>
                <!-- Unit Production Cost -->
                <productionRule name="buyInfantry">
                        <cost resource="PUs" quantity="10"/>
                        <result resourceOrUnit="Infantry" quantity="1"/>
                </productionRule>
                <productionRule name="buyCavalry">
                        <cost resource="PUs" quantity="15"/>
                        <result resourceOrUnit="Cavalry" quantity="1"/>
                </productionRule>
                <productionRule name="buyArtillery">
                        <cost resource="PUs" quantity="15"/>
                        <result resourceOrUnit="Artillery" quantity="1"/>
                </productionRule>
                <productionRule name="buyArmour">
                        <cost resource="PUs" quantity="50"/>
                        <result resourceOrUnit="Armour" quantity="1"/>
                </productionRule>
                <productionRule name="buyMech.Inf">
                        <cost resource="PUs" quantity="30"/>
                        <result resourceOrUnit="Mech.Inf" quantity="1"/>
                </productionRule>
                <productionRule name="buyFighter">
                        <cost resource="PUs" quantity="30"/>
                        <result resourceOrUnit="Fighter" quantity="1"/>
                </productionRule>			
				
    <repairRule name="repairFactory">
      <cost resource="PUs" quantity="5"/>
      <result resourceOrUnit="Factory" quantity="1"/>
    </repairRule>
	
                <productionFrontier name="ProductionAll">
                        <frontierRules name="buyInfantry"/>
                        <frontierRules name="buyCavalry"/>
                        <frontierRules name="buyArtillery"/>
                        <frontierRules name="buyArmour"/>
                        <frontierRules name="buyFighter"/>
                        <frontierRules name="buyMech.Inf"/>
                </productionFrontier>

    <repairFrontier name="repairall">
      <repairRules name="repairFactory"/> 
    </repairFrontier>
	
                <playerProduction player="Italians" frontier="ProductionAll"/>
                <playerProduction player="French" frontier="ProductionAll"/>
                <playerProduction player="British" frontier="ProductionAll"/>

    <playerRepair player="Italians" frontier="repairall"/>	
    <playerRepair player="French" frontier="repairall"/>	
    <playerRepair player="British" frontier="repairall"/>	
        </production>
        <attachmentList>
                    <attachment name="unitAttachment" attachTo="Infantry" javaClass="games.strategy.triplea.attachments.UnitAttachment" type="unitType">
                         <option name="movement" value="1"/>
                         <option name="attack" value="1"/>
                         <option name="defense" value="2"/>
                         <option name="ArtillerySupportable" value="true"/>
                    </attachment>
    <attachment name="unitAttachment" attachTo="Mech.Inf" javaClass="games.strategy.triplea.attachments.UnitAttachment" type="unitType">
      <option name="movement" value="3"/>
      <option name="canBlitz" value="true"/>
      <option name="attack" value="2"/>
      <option name="defense" value="2"/>
      <option name="artillery" value="true"/>
    </attachment>
    <attachment name="unitAttachment" attachTo="Cavalry" javaClass="games.strategy.triplea.attachments.UnitAttachment" type="unitType">
      <option name="movement" value="2"/>
      <option name="attack" value="2"/>
      <option name="defense" value="1"/>
      <option name="artillery" value="true"/>
    </attachment>
    <attachment name="unitAttachment" attachTo="Artillery" javaClass="games.strategy.triplea.attachments.UnitAttachment" type="unitType">
      <option name="movement" value="1"/>
      <option name="attack" value="2"/>
      <option name="defense" value="2"/>
      <option name="artillery" value="true"/>
    </attachment>
	    <attachment name="unitAttachment" attachTo="Armour" javaClass="games.strategy.triplea.attachments.UnitAttachment" type="unitType">
      <option name="movement" value="2"/>
      <option name="canBlitz" value="true"/>
      <option name="attack" value="3"/>
      <option name="defense" value="3"/>
      <option name="hitPoints" value="2"/>
    </attachment>
	    <attachment name="unitAttachment" attachTo="Panzer" javaClass="games.strategy.triplea.attachments.UnitAttachment" type="unitType">
      <option name="movement" value="2"/>
      <option name="canBlitz" value="true"/>
      <option name="attack" value="4"/>
      <option name="defense" value="4"/>
      <option name="hitPoints" value="2"/>
    </attachment>
	    <attachment name="unitAttachment" attachTo="Fighter" javaClass="games.strategy.triplea.attachments.UnitAttachment" type="unitType">
      <option name="movement" value="6"/>
      <option name="isAir" value="true"/>
      <option name="attack" value="3"/>
      <option name="defense" value="1"/>
    </attachment>
    <attachment name="unitAttachment" attachTo="Factory" javaClass="games.strategy.triplea.attachments.UnitAttachment" type="unitType">
      <option name="canBeDamaged" value="true"/>
      <option name="isFactory" value="true"/>
      <option name="maxDamage" value="1"/>
	  </attachment>
                    <attachment name="territoryAttachment" attachTo="Al Hayz" javaClass="games.strategy.triplea.attachments.TerritoryAttachment" type="territory">
							<option name="production" value="0"/>
							<option name="territoryEffect" value="desert" />
                    </attachment>
                    <attachment name="territoryAttachment" attachTo="Al Jaghbub" javaClass="games.strategy.triplea.attachments.TerritoryAttachment" type="territory">
							<option name="production" value="0"/>
							<option name="territoryEffect" value="desert" />							
                    </attachment>					
                    <attachment name="territoryAttachment" attachTo="Al Marj" javaClass="games.strategy.triplea.attachments.TerritoryAttachment" type="territory">
							<option name="production" value="0"/>
							<option name="territoryEffect" value="coastal" />		
                    </attachment>					
                    <attachment name="territoryAttachment" attachTo="Al Misallah" javaClass="games.strategy.triplea.attachments.TerritoryAttachment" type="territory">
							<option name="production" value="0"/>
							<option name="territoryEffect" value="desert" />							
                    </attachment>					
					
                    <attachment name="territoryAttachment" attachTo="Alexandria" javaClass="games.strategy.triplea.attachments.TerritoryAttachment" type="territory">
							<option name="production" value="2"/>
							<option name="territoryEffect" value="coastal" />	
                    </attachment>										
                    <attachment name="territoryAttachment" attachTo="Annaba" javaClass="games.strategy.triplea.attachments.TerritoryAttachment" type="territory">
							<option name="production" value="0"/>
							<option name="territoryEffect" value="coastal" />	
                    </attachment>										
                    <attachment name="territoryAttachment" attachTo="Ash Shwayrif" javaClass="games.strategy.triplea.attachments.TerritoryAttachment" type="territory">
							<option name="production" value="0"/>
							<option name="territoryEffect" value="desert" />	
                    </attachment>										
                    <attachment name="territoryAttachment" attachTo="Awbari" javaClass="games.strategy.triplea.attachments.TerritoryAttachment" type="territory">
							<option name="production" value="0"/>
							<option name="territoryEffect" value="desert" />							
                    </attachment>										
                    <attachment name="territoryAttachment" attachTo="Az Zaytun" javaClass="games.strategy.triplea.attachments.TerritoryAttachment" type="territory">
							<option name="production" value="0"/>
							<option name="territoryEffect" value="desert" />							
                    </attachment>										
                    <attachment name="territoryAttachment" attachTo="Bawiti" javaClass="games.strategy.triplea.attachments.TerritoryAttachment" type="territory">
							<option name="production" value="0"/>
							<option name="territoryEffect" value="desert" />							
                    </attachment>										
                    <attachment name="territoryAttachment" attachTo="Beja" javaClass="games.strategy.triplea.attachments.TerritoryAttachment" type="territory">
							<option name="production" value="0"/>
							<option name="territoryEffect" value="coastal" />	
                    </attachment>	
			                    <attachment name="territoryAttachment" attachTo="Janzur" javaClass="games.strategy.triplea.attachments.TerritoryAttachment" type="territory">
							<option name="production" value="1"/>
    
							<option name="territoryEffect" value="coastal" />
							</attachment>
							
                    <attachment name="territoryAttachment" attachTo="Benghazi" javaClass="games.strategy.triplea.attachments.TerritoryAttachment" type="territory">
							<option name="production" value="2"/>
    
							<option name="territoryEffect" value="coastal" />	
							</attachment>									
                    <attachment name="territoryAttachment" attachTo="Bin Jawad" javaClass="games.strategy.triplea.attachments.TerritoryAttachment" type="territory">
							<option name="production" value="1"/>
    
							<option name="territoryEffect" value="coastal" />	</attachment>									
                    <attachment name="territoryAttachment" attachTo="Bir bin Ghunayma" javaClass="games.strategy.triplea.attachments.TerritoryAttachment" type="territory">
							<option name="production" value="0"/>
    
							<option name="territoryEffect" value="desert" />	</attachment>									
                    <attachment name="territoryAttachment" attachTo="Biskra" javaClass="games.strategy.triplea.attachments.TerritoryAttachment" type="territory">
							<option name="production" value="0"/>
							<option name="territoryEffect" value="desert" />							
                    </attachment>										
                    <attachment name="territoryAttachment" attachTo="Brak" javaClass="games.strategy.triplea.attachments.TerritoryAttachment" type="territory">
							<option name="production" value="0"/>
							<option name="territoryEffect" value="desert" />							
                    </attachment>										
                    <attachment name="territoryAttachment" attachTo="Cairo" javaClass="games.strategy.triplea.attachments.TerritoryAttachment" type="territory">
							<option name="production" value="5"/>
							<option name="victoryCity" value="1"/>
							<option name="capital" value="British"/>
							<option name="territoryEffect" value="city" />							
                    </attachment>										
                    <attachment name="territoryAttachment" attachTo="Cara" javaClass="games.strategy.triplea.attachments.TerritoryAttachment" type="territory">
							<option name="production" value="0"/>
							<option name="territoryEffect" value="desert" />							
                    </attachment>										
                    <attachment name="territoryAttachment" attachTo="Derna" javaClass="games.strategy.triplea.attachments.TerritoryAttachment" type="territory">
							<option name="production" value="0"/>
    
							<option name="territoryEffect" value="coastal" />	</attachment>							
					
                    <attachment name="territoryAttachment" attachTo="El Alamein" javaClass="games.strategy.triplea.attachments.TerritoryAttachment" type="territory">
							<option name="production" value="0"/>
    
							<option name="territoryEffect" value="coastal" />	</attachment>									
                    <attachment name="territoryAttachment" attachTo="El Borma" javaClass="games.strategy.triplea.attachments.TerritoryAttachment" type="territory">
							<option name="production" value="0"/>
							<option name="territoryEffect" value="desert" />							
                    </attachment>										
                    <attachment name="territoryAttachment" attachTo="El Oued" javaClass="games.strategy.triplea.attachments.TerritoryAttachment" type="territory">
							<option name="production" value="0"/>
							<option name="territoryEffect" value="desert" />							
                    </attachment>										
                    <attachment name="territoryAttachment" attachTo="Gabes" javaClass="games.strategy.triplea.attachments.TerritoryAttachment" type="territory">
							<option name="production" value="1"/>
    
							<option name="territoryEffect" value="coastal" />	</attachment>									
                    <attachment name="territoryAttachment" attachTo="Ghani Field" javaClass="games.strategy.triplea.attachments.TerritoryAttachment" type="territory">
							<option name="production" value="0"/>
							<option name="territoryEffect" value="desert" />							
                    </attachment>															
                    <attachment name="territoryAttachment" attachTo="Hassi Messaoud" javaClass="games.strategy.triplea.attachments.TerritoryAttachment" type="territory">
							<option name="production" value="0"/>
							<option name="territoryEffect" value="desert" />							
                    </attachment>		
                    <attachment name="territoryAttachment" attachTo="Ariana" javaClass="games.strategy.triplea.attachments.TerritoryAttachment" type="territory">
							<option name="production" value="1"/>
    
							<option name="territoryEffect" value="coastal" />	</attachment>
                    <attachment name="territoryAttachment" attachTo="Tajoura" javaClass="games.strategy.triplea.attachments.TerritoryAttachment" type="territory">
							<option name="production" value="1"/>
    
							<option name="territoryEffect" value="coastal" />	</attachment>				
                    <attachment name="territoryAttachment" attachTo="Madinaty" javaClass="games.strategy.triplea.attachments.TerritoryAttachment" type="territory">
							<option name="production" value="1"/>
    
							<option name="territoryEffect" value="coastal" />	</attachment>					
                    <attachment name="territoryAttachment" attachTo="Houmt Souk" javaClass="games.strategy.triplea.attachments.TerritoryAttachment" type="territory">
							<option name="production" value="1"/>
    
							<option name="territoryEffect" value="coastal" />	</attachment>									
                    <attachment name="territoryAttachment" attachTo="In Amenas" javaClass="games.strategy.triplea.attachments.TerritoryAttachment" type="territory">
							<option name="production" value="0"/>
    
							<option name="territoryEffect" value="desert" />	</attachment>									
                    <attachment name="territoryAttachment" attachTo="Jalu" javaClass="games.strategy.triplea.attachments.TerritoryAttachment" type="territory">
							<option name="production" value="0"/>
							<option name="territoryEffect" value="desert" />							
                    </attachment>										
                    <attachment name="territoryAttachment" attachTo="Jendouba" javaClass="games.strategy.triplea.attachments.TerritoryAttachment" type="territory">
							<option name="production" value="1"/>
    
							<option name="territoryEffect" value="coastal" />	</attachment>									
                    <attachment name="territoryAttachment" attachTo="Kairouan" javaClass="games.strategy.triplea.attachments.TerritoryAttachment" type="territory">
							<option name="production" value="0"/>
							<option name="territoryEffect" value="coastal" />							
                    </attachment>										
                    <attachment name="territoryAttachment" attachTo="Khenchela" javaClass="games.strategy.triplea.attachments.TerritoryAttachment" type="territory">
							<option name="production" value="0"/>
							<option name="territoryEffect" value="desert" />							
                    </attachment>										
                    <attachment name="territoryAttachment" attachTo="Mallawi" javaClass="games.strategy.triplea.attachments.TerritoryAttachment" type="territory">
							<option name="production" value="1"/>
    
							<option name="territoryEffect" value="coastal" />	</attachment>									
                    <attachment name="territoryAttachment" attachTo="Marsa Matruh" javaClass="games.strategy.triplea.attachments.TerritoryAttachment" type="territory">
							<option name="production" value="1"/>
    
							<option name="territoryEffect" value="coastal" />	</attachment>																						
                    <attachment name="territoryAttachment" attachTo="Minya" javaClass="games.strategy.triplea.attachments.TerritoryAttachment" type="territory">
							<option name="production" value="0"/>
							<option name="territoryEffect" value="desert" />							
                    </attachment>										
                    <attachment name="territoryAttachment" attachTo="Misrata" javaClass="games.strategy.triplea.attachments.TerritoryAttachment" type="territory">
							<option name="production" value="1"/>
    
							<option name="territoryEffect" value="coastal" />	</attachment>									
                    <attachment name="territoryAttachment" attachTo="Musaid" javaClass="games.strategy.triplea.attachments.TerritoryAttachment" type="territory">
							<option name="production" value="0"/>
    
							<option name="territoryEffect" value="coastal" />	</attachment>									
                    <attachment name="territoryAttachment" attachTo="Ouargla" javaClass="games.strategy.triplea.attachments.TerritoryAttachment" type="territory">
							<option name="production" value="0"/>
							<option name="territoryEffect" value="desert" />							
                    </attachment>										
                    <attachment name="territoryAttachment" attachTo="Port Said" javaClass="games.strategy.triplea.attachments.TerritoryAttachment" type="territory">
							<option name="production" value="1"/>
    
							<option name="territoryEffect" value="coastal" />	</attachment>				
                    <attachment name="territoryAttachment" attachTo="Beni Suef" javaClass="games.strategy.triplea.attachments.TerritoryAttachment" type="territory">
							<option name="production" value="0"/>
    
							<option name="territoryEffect" value="coastal" />	</attachment>									
                    <attachment name="territoryAttachment" attachTo="Nabuel" javaClass="games.strategy.triplea.attachments.TerritoryAttachment" type="territory">
							<option name="production" value="1"/>
    
							<option name="territoryEffect" value="coastal" />	</attachment>	
					
                    <attachment name="territoryAttachment" attachTo="Sfax" javaClass="games.strategy.triplea.attachments.TerritoryAttachment" type="territory">
							<option name="production" value="1"/>
    
							<option name="territoryEffect" value="coastal" />	</attachment>									
                    <attachment name="territoryAttachment" attachTo="Shahat" javaClass="games.strategy.triplea.attachments.TerritoryAttachment" type="territory">
							<option name="production" value="0"/>
    
							<option name="territoryEffect" value="coastal" />	</attachment>									
                    <attachment name="territoryAttachment" attachTo="Sidi Barrani" javaClass="games.strategy.triplea.attachments.TerritoryAttachment" type="territory">
							<option name="production" value="1"/>
    
							<option name="territoryEffect" value="coastal" />	</attachment>									
                    <attachment name="territoryAttachment" attachTo="Sidi Bouzid" javaClass="games.strategy.triplea.attachments.TerritoryAttachment" type="territory">
							<option name="production" value="0"/>
							<option name="territoryEffect" value="desert" />							
                    </attachment>										
                    <attachment name="territoryAttachment" attachTo="Sirte" javaClass="games.strategy.triplea.attachments.TerritoryAttachment" type="territory">
							<option name="production" value="1"/>
    
							<option name="territoryEffect" value="coastal" />	</attachment>								
		
                    <attachment name="territoryAttachment" attachTo="Mediterranean Sea" javaClass="games.strategy.triplea.attachments.TerritoryAttachment" type="territory">
							<option name="production" value="0"/>
							<option name="territoryEffect" value="sea" />
					</attachment>			
                    <attachment name="territoryAttachment" attachTo="Suez" javaClass="games.strategy.triplea.attachments.TerritoryAttachment" type="territory">
							<option name="production" value="2"/>
    
							<option name="territoryEffect" value="coastal" />	</attachment>									
                    <attachment name="territoryAttachment" attachTo="Tobruk" javaClass="games.strategy.triplea.attachments.TerritoryAttachment" type="territory">
							<option name="production" value="1"/>
    
							<option name="territoryEffect" value="coastal" />	</attachment>									
                    <attachment name="territoryAttachment" attachTo="Touggourt" javaClass="games.strategy.triplea.attachments.TerritoryAttachment" type="territory">
							<option name="production" value="0"/>
							<option name="territoryEffect" value="desert" />							
                    </attachment>										
                    <attachment name="territoryAttachment" attachTo="Tripoli" javaClass="games.strategy.triplea.attachments.TerritoryAttachment" type="territory">
							<option name="production" value="5"/>
							<option name="capital" value="Italians"/>
							<option name="victoryCity" value="1"/>
							<option name="territoryEffect" value="city" />							
                    </attachment>										
                    <attachment name="territoryAttachment" attachTo="Tunis" javaClass="games.strategy.triplea.attachments.TerritoryAttachment" type="territory">
							<option name="production" value="4"/>
							<option name="capital" value="French"/>
							<option name="victoryCity" value="1"/>
							<option name="territoryEffect" value="city" />							
                    </attachment>										
				      
					  
					<!-- Victory Conditions -->
				   <attachment name="conditionAttachmentAlliedVictory" attachTo="British" javaClass="games.strategy.triplea.attachments.RulesAttachment" type="player">
					<option name="alliedOwnershipTerritories" value="Tripoli:Cairo" count="2"/>
					</attachment>
					<attachment name="triggerAttachmentAlliedVictory" attachTo="British" javaClass="games.strategy.triplea.attachments.TriggerAttachment" type="player">
					<option name="conditions" value="conditionAttachmentAlliedVictory"/>
					<option name="when" value="after:frenchEndTurn"/>
				<!--	<option name="notification" value="GermanVictory"/> -->
					<option name="victory" value="AlliedVictory"/>
					</attachment>

				   <attachment name="conditionAttachmentAxisVictory" attachTo="Italians" javaClass="games.strategy.triplea.attachments.RulesAttachment" type="player">
					<option name="alliedOwnershipTerritories" value="Tripoli:Cairo" count="2"/>
					</attachment>
					<attachment name="triggerAttachmentAxisVictory" attachTo="Italians" javaClass="games.strategy.triplea.attachments.TriggerAttachment" type="player">
					<option name="conditions" value="conditionAttachmentAxisVictory"/>
					<option name="when" value="after:frenchEndTurn"/>
				<!--	<option name="notification" value="GermanVictory"/> -->
					<option name="victory" value="AxisVictory"/>
					</attachment>
										
					<!-- French Collapse -->
					<attachment name="conditionAttachmentFranceDies" attachTo="Italians" javaClass="games.strategy.triplea.attachments.RulesAttachment" type="player">
						<option name="rounds" value="4"/>
					</attachment>
					
					<attachment name="conditionAttachmentTunisIsFrench" attachTo="French" javaClass="games.strategy.triplea.attachments.RulesAttachment" type="player">
						<option name="alliedOwnershipTerritories" value="Tunis" count="1"/>
					</attachment>
					<attachment name="triggerAttachmentTunisSwitches" attachTo="French" javaClass="games.strategy.triplea.attachments.TriggerAttachment" type="player">
						<option name="conditions" value="conditionAttachmentTunisIsFrench:conditionAttachmentFranceDies"/>
						<option name="uses" value="1"/>
						<option name="changeOwnership" value="Tunis:French:Neutral:true"/>
					</attachment>
					
					<attachment name="conditionAttachmentArianaIsFrench" attachTo="French" javaClass="games.strategy.triplea.attachments.RulesAttachment" type="player">
						<option name="alliedOwnershipTerritories" value="Ariana" count="1"/>
					</attachment>
					<attachment name="triggerAttachmentArianaSwitches" attachTo="French" javaClass="games.strategy.triplea.attachments.TriggerAttachment" type="player">
						<option name="conditions" value="conditionAttachmentArianaIsFrench:conditionAttachmentFranceDies"/>
						<option name="uses" value="1"/>
						<option name="changeOwnership" value="Ariana:French:Neutral:true"/>
					</attachment>
					
					<attachment name="conditionAttachmentNabuelIsFrench" attachTo="French" javaClass="games.strategy.triplea.attachments.RulesAttachment" type="player">
						<option name="alliedOwnershipTerritories" value="Nabuel" count="1"/>
					</attachment>
					<attachment name="triggerAttachmentNabuelSwitches" attachTo="French" javaClass="games.strategy.triplea.attachments.TriggerAttachment" type="player">
						<option name="conditions" value="conditionAttachmentNabuelIsFrench:conditionAttachmentFranceDies"/>
						<option name="uses" value="1"/>
						<option name="changeOwnership" value="Nabuel:French:Neutral:true"/>
					</attachment>
					
					<attachment name="conditionAttachmentSfaxSwitches" attachTo="French" javaClass="games.strategy.triplea.attachments.RulesAttachment" type="player">
						<option name="alliedOwnershipTerritories" value="Sfax" count="1"/>
					</attachment>
					<attachment name="triggerAttachmentSfaxSwitches" attachTo="French" javaClass="games.strategy.triplea.attachments.TriggerAttachment" type="player">
						<option name="conditions" value="conditionAttachmentSfaxSwitches:conditionAttachmentFranceDies"/>
						<option name="uses" value="1"/>
						<option name="changeOwnership" value="Sfax:French:Neutral:true"/>
					</attachment>
					
					<attachment name="conditionAttachmentKairouanSwitches" attachTo="French" javaClass="games.strategy.triplea.attachments.RulesAttachment" type="player">
						<option name="alliedOwnershipTerritories" value="Kairouan" count="1"/>
					</attachment>
					<attachment name="triggerAttachmentKairouanSwitches" attachTo="French" javaClass="games.strategy.triplea.attachments.TriggerAttachment" type="player">
						<option name="conditions" value="conditionAttachmentKairouanSwitches:conditionAttachmentFranceDies"/>
						<option name="uses" value="1"/>
						<option name="changeOwnership" value="Kairouan:French:Neutral:true"/>
					</attachment>
									
					<attachment name="conditionAttachmentBejaSwitches" attachTo="French" javaClass="games.strategy.triplea.attachments.RulesAttachment" type="player">
						<option name="alliedOwnershipTerritories" value="Beja" count="1"/>
					</attachment>
					<attachment name="triggerAttachmentBejaSwitches" attachTo="French" javaClass="games.strategy.triplea.attachments.TriggerAttachment" type="player">
						<option name="conditions" value="conditionAttachmentBejaSwitches:conditionAttachmentFranceDies"/>
						<option name="uses" value="1"/>
						<option name="changeOwnership" value="Beja:French:Neutral:true"/>
					</attachment>
								
					<attachment name="conditionAttachmentJendoubaSwitches" attachTo="French" javaClass="games.strategy.triplea.attachments.RulesAttachment" type="player">
						<option name="alliedOwnershipTerritories" value="Jendouba" count="1"/>
					</attachment>
					<attachment name="triggerAttachmentJendoubaSwitches" attachTo="French" javaClass="games.strategy.triplea.attachments.TriggerAttachment" type="player">
						<option name="conditions" value="conditionAttachmentJendoubaSwitches:conditionAttachmentFranceDies"/>
						<option name="uses" value="1"/>
						<option name="changeOwnership" value="Jendouba:French:Neutral:true"/>
					</attachment>
							
					<attachment name="conditionAttachmentAnnabaSwitches" attachTo="French" javaClass="games.strategy.triplea.attachments.RulesAttachment" type="player">
						<option name="alliedOwnershipTerritories" value="Annaba" count="1"/>
					</attachment>
					<attachment name="triggerAttachmentAnnabaSwitches" attachTo="French" javaClass="games.strategy.triplea.attachments.TriggerAttachment" type="player">
						<option name="conditions" value="conditionAttachmentAnnabaSwitches:conditionAttachmentFranceDies"/>
						<option name="uses" value="1"/>
						<option name="changeOwnership" value="Annaba:French:Neutral:true"/>
					</attachment>
					
					<attachment name="conditionAttachmentSidiBouzidSwitches" attachTo="French" javaClass="games.strategy.triplea.attachments.RulesAttachment" type="player">
						<option name="alliedOwnershipTerritories" value="Sidi Bouzid" count="1"/>
					</attachment>
					<attachment name="triggerAttachmentSidiBouzidSwitches" attachTo="French" javaClass="games.strategy.triplea.attachments.TriggerAttachment" type="player">
						<option name="conditions" value="conditionAttachmentSidiBouzidSwitches:conditionAttachmentFranceDies"/>
						<option name="uses" value="1"/>
						<option name="changeOwnership" value="Sidi Bouzid:French:Neutral:true"/>
					</attachment>
								
					<attachment name="conditionAttachmentGabesSwitches" attachTo="French" javaClass="games.strategy.triplea.attachments.RulesAttachment" type="player">
						<option name="alliedOwnershipTerritories" value="Gabes" count="1"/>
					</attachment>
					<attachment name="triggerAttachmentGabesSwitches" attachTo="French" javaClass="games.strategy.triplea.attachments.TriggerAttachment" type="player">
						<option name="conditions" value="conditionAttachmentJendoubaSwitches:conditionAttachmentFranceDies"/>
						<option name="uses" value="1"/>
						<option name="changeOwnership" value="Gabes:French:Neutral:true"/>
					</attachment>
							
					<attachment name="conditionAttachmentBiskraSwitches" attachTo="French" javaClass="games.strategy.triplea.attachments.RulesAttachment" type="player">
						<option name="alliedOwnershipTerritories" value="Biskra" count="1"/>
					</attachment>
					<attachment name="triggerAttachmentBiskraSwitches" attachTo="French" javaClass="games.strategy.triplea.attachments.TriggerAttachment" type="player">
						<option name="conditions" value="conditionAttachmentBiskraSwitches:conditionAttachmentFranceDies"/>
						<option name="uses" value="1"/>
						<option name="changeOwnership" value="Biskra:French:Neutral:true"/>
					</attachment>
								
					<attachment name="conditionAttachmentOuarglaSwitches" attachTo="French" javaClass="games.strategy.triplea.attachments.RulesAttachment" type="player">
						<option name="alliedOwnershipTerritories" value="Ouargla" count="1"/>
					</attachment>
					<attachment name="triggerAttachmentOuarglaSwitches" attachTo="French" javaClass="games.strategy.triplea.attachments.TriggerAttachment" type="player">
						<option name="conditions" value="conditionAttachmentOuarglaSwitches:conditionAttachmentFranceDies"/>
						<option name="uses" value="1"/>
						<option name="changeOwnership" value="Ouargla:French:Neutral:true"/>
					</attachment>
							
					<attachment name="conditionAttachmentKhenchelaSwitches" attachTo="French" javaClass="games.strategy.triplea.attachments.RulesAttachment" type="player">
						<option name="alliedOwnershipTerritories" value="Khenchela" count="1"/>
					</attachment>
					<attachment name="triggerAttachmentKhenchelaSwitches" attachTo="French" javaClass="games.strategy.triplea.attachments.TriggerAttachment" type="player">
						<option name="conditions" value="conditionAttachmentKhenchelaSwitches:conditionAttachmentFranceDies"/>
						<option name="uses" value="1"/>
						<option name="changeOwnership" value="Khenchela:French:Neutral:true"/>
					</attachment>
								
					<attachment name="conditionAttachmentTouggourtSwitches" attachTo="French" javaClass="games.strategy.triplea.attachments.RulesAttachment" type="player">
						<option name="alliedOwnershipTerritories" value="Touggourt" count="1"/>
					</attachment>
					<attachment name="triggerAttachmentTouggourtSwitches" attachTo="French" javaClass="games.strategy.triplea.attachments.TriggerAttachment" type="player">
						<option name="conditions" value="conditionAttachmentTouggourtSwitches:conditionAttachmentFranceDies"/>
						<option name="uses" value="1"/>
						<option name="changeOwnership" value="Touggourt:French:Neutral:true"/>
					</attachment>
							
					<attachment name="conditionAttachmentOuedSwitches" attachTo="French" javaClass="games.strategy.triplea.attachments.RulesAttachment" type="player">
						<option name="alliedOwnershipTerritories" value="El Oued" count="1"/>
					</attachment>
					<attachment name="triggerAttachmentOuedSwitches" attachTo="French" javaClass="games.strategy.triplea.attachments.TriggerAttachment" type="player">
						<option name="conditions" value="conditionAttachmentOuedSwitches:conditionAttachmentFranceDies"/>
						<option name="uses" value="1"/>
						<option name="changeOwnership" value="El Oued:French:Neutral:true"/>
					</attachment>
								
					<attachment name="conditionAttachmentBormaSwitches" attachTo="French" javaClass="games.strategy.triplea.attachments.RulesAttachment" type="player">
						<option name="alliedOwnershipTerritories" value="El Borma" count="1"/>
					</attachment>
					<attachment name="triggerAttachmentBormaSwitches" attachTo="French" javaClass="games.strategy.triplea.attachments.TriggerAttachment" type="player">
						<option name="conditions" value="conditionAttachmentBormaSwitches:conditionAttachmentFranceDies"/>
						<option name="uses" value="1"/>
						<option name="changeOwnership" value="El Borma:French:Neutral:true"/>
					</attachment>
							
					<attachment name="conditionAttachmentHassiSwitches" attachTo="French" javaClass="games.strategy.triplea.attachments.RulesAttachment" type="player">
						<option name="alliedOwnershipTerritories" value="Hassi Messaoud" count="1"/>
					</attachment>
					<attachment name="triggerAttachmentHassiSwitches" attachTo="French" javaClass="games.strategy.triplea.attachments.TriggerAttachment" type="player">
						<option name="conditions" value="conditionAttachmentHassiSwitches:conditionAttachmentFranceDies"/>
						<option name="uses" value="1"/>
						<option name="changeOwnership" value="Hassi Messaoud:French:Neutral:true"/>
					</attachment>
								
					<attachment name="conditionAttachmentHoumtSwitches" attachTo="French" javaClass="games.strategy.triplea.attachments.RulesAttachment" type="player">
						<option name="alliedOwnershipTerritories" value="Houmt Souk" count="1"/>
					</attachment>
					<attachment name="triggerAttachmentHoumtSwitches" attachTo="French" javaClass="games.strategy.triplea.attachments.TriggerAttachment" type="player">
						<option name="conditions" value="conditionAttachmentHoumtSwitches:conditionAttachmentFranceDies"/>
						<option name="uses" value="1"/>
						<option name="changeOwnership" value="Houmt Souk:French:Neutral:true"/>
					</attachment>
							
					<attachment name="conditionAttachmentAmenasSwitches" attachTo="French" javaClass="games.strategy.triplea.attachments.RulesAttachment" type="player">
						<option name="alliedOwnershipTerritories" value="In Amenas" count="1"/>
					</attachment>
					<attachment name="triggerAttachmentAmenasSwitches" attachTo="French" javaClass="games.strategy.triplea.attachments.TriggerAttachment" type="player">
						<option name="conditions" value="conditionAttachmentAmenasSwitches:conditionAttachmentFranceDies"/>
						<option name="uses" value="1"/>
						<option name="changeOwnership" value="In Amenas:French:Neutral:true"/>
					</attachment>
							
					<attachment name="conditionAttachmentAwbariSwitches" attachTo="French" javaClass="games.strategy.triplea.attachments.RulesAttachment" type="player">
						<option name="alliedOwnershipTerritories" value="Awbari" count="1"/>
					</attachment>
					<attachment name="triggerAttachmentAwbariSwitches" attachTo="French" javaClass="games.strategy.triplea.attachments.TriggerAttachment" type="player">
						<option name="conditions" value="conditionAttachmentAwbariSwitches:conditionAttachmentFranceDies"/>
						<option name="uses" value="1"/>
						<option name="changeOwnership" value="Awbari:French:Neutral:true"/>
					</attachment>
							
					<attachment name="conditionAttachmentJanzurSwitches" attachTo="French" javaClass="games.strategy.triplea.attachments.RulesAttachment" type="player">
						<option name="alliedOwnershipTerritories" value="Janzur" count="1"/>
					</attachment>
					<attachment name="triggerAttachmentJanzurSwitches" attachTo="French" javaClass="games.strategy.triplea.attachments.TriggerAttachment" type="player">
						<option name="conditions" value="conditionAttachmentJanzurSwitches:conditionAttachmentFranceDies"/>
						<option name="uses" value="1"/>
						<option name="changeOwnership" value="Janzur:French:Neutral:true"/>
					</attachment>
							
					<attachment name="conditionAttachmentAshShwaySwitches" attachTo="French" javaClass="games.strategy.triplea.attachments.RulesAttachment" type="player">
						<option name="alliedOwnershipTerritories" value="Ash Shwayrif" count="1"/>
					</attachment>
					<attachment name="triggerAttachmentAshShwaySwitches" attachTo="French" javaClass="games.strategy.triplea.attachments.TriggerAttachment" type="player">
						<option name="conditions" value="conditionAttachmentAshShwaySwitches:conditionAttachmentFranceDies"/>
						<option name="uses" value="1"/>
						<option name="changeOwnership" value="Ash Shwayrif:French:Neutral:true"/>
					</attachment>
							
					<attachment name="conditionAttachmentBrakSwitches" attachTo="French" javaClass="games.strategy.triplea.attachments.RulesAttachment" type="player">
						<option name="alliedOwnershipTerritories" value="Brak" count="1"/>
					</attachment>
					<attachment name="triggerAttachmentBrakSwitches" attachTo="French" javaClass="games.strategy.triplea.attachments.TriggerAttachment" type="player">
						<option name="conditions" value="conditionAttachmentBrakSwitches:conditionAttachmentFranceDies"/>
						<option name="uses" value="1"/>
						<option name="changeOwnership" value="Brak:French:Neutral:true"/>
					</attachment>
							
					<attachment name="conditionAttachmentTajouraSwitches" attachTo="French" javaClass="games.strategy.triplea.attachments.RulesAttachment" type="player">
						<option name="alliedOwnershipTerritories" value="Tajoura" count="1"/>
					</attachment>
					<attachment name="triggerAttachmentTajouraSwitches" attachTo="French" javaClass="games.strategy.triplea.attachments.TriggerAttachment" type="player">
						<option name="conditions" value="conditionAttachmentTajouraSwitches:conditionAttachmentFranceDies"/>
						<option name="uses" value="1"/>
						<option name="changeOwnership" value="Tajoura:French:Neutral:true"/>
					</attachment>
					<attachment name="triggerAttachmentNotifyFranceFell" attachTo="French" javaClass="games.strategy.triplea.attachments.TriggerAttachment" type="player">
						<option name="conditions" value="conditionAttachmentFranceDies"/>
						<option name="when" value="after:frenchEndTurn"/>
						<option name="notification" value="FranceFalls"/>
						<option name="players" value="Italians:French:British"/>
					</attachment>
					<attachment name="triggerAttachmentDeleteFrenchUnits" attachTo="French" javaClass="games.strategy.triplea.attachments.TriggerAttachment" type="player">
						<option name="conditions" value="conditionAttachmentFranceDies"/>
						<option name="uses" value="1"/>
						<option name="removeUnits" value="Tunis:Infantry" count="999"/>
						<option name="removeUnits" value="Tunis:Artillery" count="999"/>
						<option name="removeUnits" value="Tunis:Armour" count="999"/>
						<option name="removeUnits" value="Tunis:Fighter" count="999"/>
						<option name="removeUnits" value="Tunis:Cavalry" count="999"/>
						
						<option name="removeUnits" value="Nabuel:Infantry" count="999"/>
						<option name="removeUnits" value="Nabuel:Artillery" count="999"/>
						<option name="removeUnits" value="Nabuel:Armour" count="999"/>
						<option name="removeUnits" value="Nabuel:Fighter" count="999"/>
						<option name="removeUnits" value="Nabuel:Cavalry" count="999"/>
						
						<option name="removeUnits" value="Sfax:Infantry" count="999"/>
						<option name="removeUnits" value="Sfax:Artillery" count="999"/>
						<option name="removeUnits" value="Sfax:Armour" count="999"/>
						<option name="removeUnits" value="Sfax:Fighter" count="999"/>
						<option name="removeUnits" value="Sfax:Cavalry" count="999"/>
						
						<option name="removeUnits" value="Kairouan:Infantry" count="999"/>
						<option name="removeUnits" value="Kairouan:Artillery" count="999"/>
						<option name="removeUnits" value="Kairouan:Armour" count="999"/>
						<option name="removeUnits" value="Kairouan:Fighter" count="999"/>
						<option name="removeUnits" value="Kairouan:Cavalry" count="999"/>
												
						<option name="removeUnits" value="Beja:Infantry" count="999"/>
						<option name="removeUnits" value="Beja:Artillery" count="999"/>
						<option name="removeUnits" value="Beja:Armour" count="999"/>
						<option name="removeUnits" value="Beja:Fighter" count="999"/>
						<option name="removeUnits" value="Beja:Cavalry" count="999"/>
						
						<option name="removeUnits" value="Jendouba:Infantry" count="999"/>
						<option name="removeUnits" value="Jendouba:Artillery" count="999"/>
						<option name="removeUnits" value="Jendouba:Armour" count="999"/>
						<option name="removeUnits" value="Jendouba:Fighter" count="999"/>
						<option name="removeUnits" value="Jendouba:Cavalry" count="999"/>
						
						<option name="removeUnits" value="Annaba:Infantry" count="999"/>
						<option name="removeUnits" value="Annaba:Artillery" count="999"/>
						<option name="removeUnits" value="Annaba:Armour" count="999"/>
						<option name="removeUnits" value="Annaba:Fighter" count="999"/>
						<option name="removeUnits" value="Annaba:Cavalry" count="999"/>
												
						<option name="removeUnits" value="Sidi Bouzid:Infantry" count="999"/>
						<option name="removeUnits" value="Sidi Bouzid:Artillery" count="999"/>
						<option name="removeUnits" value="Sidi Bouzid:Armour" count="999"/>
						<option name="removeUnits" value="Sidi Bouzid:Fighter" count="999"/>
						<option name="removeUnits" value="Sidi Bouzid:Cavalry" count="999"/>
												
						<option name="removeUnits" value="Gabes:Infantry" count="999"/>
						<option name="removeUnits" value="Gabes:Artillery" count="999"/>
						<option name="removeUnits" value="Gabes:Armour" count="999"/>
						<option name="removeUnits" value="Gabes:Fighter" count="999"/>
						<option name="removeUnits" value="Gabes:Cavalry" count="999"/>
						
						<option name="removeUnits" value="Biskra:Infantry" count="999"/>
						<option name="removeUnits" value="Biskra:Artillery" count="999"/>
						<option name="removeUnits" value="Biskra:Armour" count="999"/>
						<option name="removeUnits" value="Biskra:Fighter" count="999"/>
						<option name="removeUnits" value="Biskra:Cavalry" count="999"/>
												
						<option name="removeUnits" value="Ariana:Infantry" count="999"/>
						<option name="removeUnits" value="Ariana:Artillery" count="999"/>
						<option name="removeUnits" value="Ariana:Armour" count="999"/>
						<option name="removeUnits" value="Ariana:Fighter" count="999"/>
						<option name="removeUnits" value="Ariana:Cavalry" count="999"/>
						
						<option name="removeUnits" value="Ouargla:Infantry" count="999"/>
						<option name="removeUnits" value="Ouargla:Artillery" count="999"/>
						<option name="removeUnits" value="Ouargla:Armour" count="999"/>
						<option name="removeUnits" value="Ouargla:Fighter" count="999"/>
						<option name="removeUnits" value="Ouargla:Cavalry" count="999"/>
																		
						<option name="removeUnits" value="El Oued:Infantry" count="999"/>
						<option name="removeUnits" value="El Oued:Artillery" count="999"/>
						<option name="removeUnits" value="El Oued:Armour" count="999"/>
						<option name="removeUnits" value="El Oued:Fighter" count="999"/>
						<option name="removeUnits" value="El Oued:Cavalry" count="999"/>
												
						<option name="removeUnits" value="El Borma:Infantry" count="999"/>
						<option name="removeUnits" value="El Borma:Artillery" count="999"/>
						<option name="removeUnits" value="El Borma:Armour" count="999"/>
						<option name="removeUnits" value="El Borma:Fighter" count="999"/>
						<option name="removeUnits" value="El Borma:Cavalry" count="999"/>
						
						<option name="removeUnits" value="Hassi Messaoud:Infantry" count="999"/>
						<option name="removeUnits" value="Hassi Messaoud:Artillery" count="999"/>
						<option name="removeUnits" value="Hassi Messaoud:Armour" count="999"/>
						<option name="removeUnits" value="Hassi Messaoud:Fighter" count="999"/>
						<option name="removeUnits" value="Hassi Messaoud:Cavalry" count="999"/>
						
						<option name="removeUnits" value="Touggourt:Infantry" count="999"/>
						<option name="removeUnits" value="Touggourt:Artillery" count="999"/>
						<option name="removeUnits" value="Touggourt:Armour" count="999"/>
						<option name="removeUnits" value="Touggourt:Fighter" count="999"/>
						<option name="removeUnits" value="Touggourt:Cavalry" count="999"/>
												
						<option name="removeUnits" value="Khenchela:Infantry" count="999"/>
						<option name="removeUnits" value="Khenchela:Artillery" count="999"/>
						<option name="removeUnits" value="Khenchela:Armour" count="999"/>
						<option name="removeUnits" value="Khenchela:Fighter" count="999"/>
						<option name="removeUnits" value="Khenchela:Cavalry" count="999"/>
												
						<option name="removeUnits" value="Houmt Souk:Infantry" count="999"/>
						<option name="removeUnits" value="Houmt Souk:Artillery" count="999"/>
						<option name="removeUnits" value="Houmt Souk:Armour" count="999"/>
						<option name="removeUnits" value="Houmt Souk:Fighter" count="999"/>
						<option name="removeUnits" value="Houmt Souk:Cavalry" count="999"/>
						
						<option name="removeUnits" value="In Amenas:Infantry" count="999"/>
						<option name="removeUnits" value="In Amenas:Artillery" count="999"/>
						<option name="removeUnits" value="In Amenas:Armour" count="999"/>
						<option name="removeUnits" value="In Amenas:Fighter" count="999"/>
						<option name="removeUnits" value="In Amenas:Cavalry" count="999"/>
												
						<option name="removeUnits" value="Awbari:Infantry" count="999"/>
						<option name="removeUnits" value="Awbari:Artillery" count="999"/>
						<option name="removeUnits" value="Awbari:Armour" count="999"/>
						<option name="removeUnits" value="Awbari:Fighter" count="999"/>
						<option name="removeUnits" value="Awbari:Cavalry" count="999"/>
																		
						<option name="removeUnits" value="Janzur:Infantry" count="999"/>
						<option name="removeUnits" value="Janzur:Artillery" count="999"/>
						<option name="removeUnits" value="Janzur:Armour" count="999"/>
						<option name="removeUnits" value="Janzur:Fighter" count="999"/>
						<option name="removeUnits" value="Janzur:Cavalry" count="999"/>
						
						<option name="removeUnits" value="Ash Shwayrif:Infantry" count="999"/>
						<option name="removeUnits" value="Ash Shwayrif:Artillery" count="999"/>
						<option name="removeUnits" value="Ash Shwayrif:Armour" count="999"/>
						<option name="removeUnits" value="Ash Shwayrif:Fighter" count="999"/>
						<option name="removeUnits" value="Ash Shwayrif:Cavalry" count="999"/>
												
						<option name="removeUnits" value="Brak:Infantry" count="999"/>
						<option name="removeUnits" value="Brak:Artillery" count="999"/>
						<option name="removeUnits" value="Brak:Armour" count="999"/>
						<option name="removeUnits" value="Brak:Fighter" count="999"/>
						<option name="removeUnits" value="Brak:Cavalry" count="999"/>
					</attachment>
					<attachment name="triggerAttachmentDeleteFrenchFactory" attachTo="French" javaClass="games.strategy.triplea.attachments.TriggerAttachment" type="player">
						<option name="conditions" value="conditionAttachmentFranceDies:conditionAttachmentTunisIsFrench"/>
						<option name="removeUnits" value="Tunis:Factory" count="999"/>
					</attachment>
					
					<!-- Operation Barbarossa -->
					<attachment name="conditionAttachmentOperationBarbarossa" attachTo="Italians" javaClass="games.strategy.triplea.attachments.RulesAttachment" type="player">
						<option name="rounds" value="26-+"/>
					</attachment>
					<attachment name="triggerAttachmentItalianLossFromBarbarossa" attachTo="Italians" javaClass="games.strategy.triplea.attachments.TriggerAttachment" type="player">
						<option name="trigger" value="conditionAttachmentOperationBarbarossa"/>
						<option name="when" value="after:italiansEndTurn"/>
						<option name="resource" value="PUs"/>
						<option name="resourceCount" value="-10"/>
					</attachment>
					<attachment name="conditionAttachmentOperationBarbarossaNotif" attachTo="Italians" javaClass="games.strategy.triplea.attachments.RulesAttachment" type="player">
						<option name="rounds" value="26"/>
					</attachment>
					<attachment name="triggerAttachmentItalianBarbarossaNotif" attachTo="Italians" javaClass="games.strategy.triplea.attachments.TriggerAttachment" type="player">
						<option name="conditions" value="conditionAttachmentOperationBarbarossaNotif"/>
						<option name="when" value="before:italiansCombatMove"/>
						<option name="notification" value="OperationBarbarossa"/>
					</attachment>
										
					<!-- Greco-Italian War -->
					<attachment name="conditionAttachmentItalianWar" attachTo="Italians" javaClass="games.strategy.triplea.attachments.RulesAttachment" type="player">
						<option name="rounds" value="12:13:14:15:16:17:18:19:20:21:22:23"/>
					</attachment>
					<attachment name="triggerAttachmentItalianLossFromGreekWar" attachTo="Italians" javaClass="games.strategy.triplea.attachments.TriggerAttachment" type="player">
						<option name="trigger" value="conditionAttachmentItalianWar"/>
						<option name="when" value="after:italiansEndTurn"/>
						<option name="resource" value="PUs"/>
						<option name="resourceCount" value="-5"/>
					</attachment>
					
					<attachment name="conditionAttachmentItalianWarNotifBegin" attachTo="Italians" javaClass="games.strategy.triplea.attachments.RulesAttachment" type="player">
						<option name="rounds" value="12"/>
					</attachment>
					<attachment name="triggerAttachmentItalianGreekWarBeginNotif" attachTo="Italians" javaClass="games.strategy.triplea.attachments.TriggerAttachment" type="player">
						<option name="conditions" value="conditionAttachmentItalianWarNotifBegin"/>
						<option name="when" value="before:italiansCombatMove"/>
						<option name="notification" value="GreekItalianWarBegin"/>
					</attachment>					
										
					<attachment name="conditionAttachmentItalianWarNotifEnd" attachTo="Italians" javaClass="games.strategy.triplea.attachments.RulesAttachment" type="player">
						<option name="rounds" value="24"/>
					</attachment>
					<attachment name="triggerAttachmentItalianGreekWarEndNotif" attachTo="Italians" javaClass="games.strategy.triplea.attachments.TriggerAttachment" type="player">
						<option name="conditions" value="conditionAttachmentItalianWarNotifEnd"/>
						<option name="when" value="before:italiansCombatMove"/>
						<option name="notification" value="GreekItalianWarEnd"/>
					</attachment>					
					
					<!-- Afrika Korp -->
					<attachment name="conditionAttachmentAfricaKorpJoinsPanzers" attachTo="Italians" javaClass="games.strategy.triplea.attachments.RulesAttachment" type="player">
						<option name="rounds" value="19"/>
					</attachment>
					<attachment name="triggerAttachmentAfricaKorpJoins" attachTo="Italians" javaClass="games.strategy.triplea.attachments.TriggerAttachment" type="player">
						<option name="conditions" value="conditionAttachmentAfricaKorpJoinsPanzers"/>
						<option name="when" value="after:frenchEndTurn"/>
						<option name="placement" value="Tripoli:Panzer" count="3"/>
					</attachment>
					<attachment name="conditionAttachmentAfricaKorpJoinsNotif" attachTo="Italians" javaClass="games.strategy.triplea.attachments.RulesAttachment" type="player">
						<option name="rounds" value="20"/>
					</attachment>
					<attachment name="triggerAttachmentAfricaKorpJoinsNotifItaly" attachTo="Italians" javaClass="games.strategy.triplea.attachments.TriggerAttachment" type="player">
						<option name="conditions" value="conditionAttachmentAfricaKorpJoinsNotif"/>
						<option name="when" value="before:italiansCombatMove"/>
						<option name="notification" value="AfricaKorpJoinsAxis"/>
					</attachment>
					
				   <!-- Territory Effects -->
                    <attachment name="territoryEffectAttachment" attachTo="desert" javaClass="games.strategy.triplea.attachments.TerritoryEffectAttachment" type="territoryEffect">
						<option name="combatOffenseEffect" value="Armour:Infantry:Mech.Inf:Artillery:Cavalry:Panzer" count="-1" />
						<option name="movementCostModifier" value="Armour:Cavalry:Panzer" count="1" />
						<option name="movementCostModifier" value="Mech.Inf" count="2" />
					</attachment>
                    <attachment name="territoryEffectAttachment" attachTo="coastal" javaClass="games.strategy.triplea.attachments.TerritoryEffectAttachment" type="territoryEffect">
					</attachment>
                    <attachment name="territoryEffectAttachment" attachTo="city" javaClass="games.strategy.triplea.attachments.TerritoryEffectAttachment" type="territoryEffect">
					</attachment>
                    <attachment name="territoryEffectAttachment" attachTo="sea" javaClass="games.strategy.triplea.attachments.TerritoryEffectAttachment" type="territoryEffect">
					</attachment>
			</attachmentList>
        <initialize>
				<ownerInitialize>
					<territoryOwner territory="Tripoli" owner="Italians"/>
					<territoryOwner territory="Houmt Souk" owner="Italians"/>
					<territoryOwner territory="In Amenas" owner="Italians"/>
					<territoryOwner territory="Awbari" owner="Italians"/>
					<territoryOwner territory="Ash Shwayrif" owner="Italians"/>
					<territoryOwner territory="Janzur" owner="Italians"/>
					<territoryOwner territory="Brak" owner="Italians"/>
					<territoryOwner territory="Tajoura" owner="Italians"/>
					<territoryOwner territory="Misrata" owner="Italians"/>
					<territoryOwner territory="Ghani Field" owner="Italians"/>
					<territoryOwner territory="Sirte" owner="Italians"/>
					<territoryOwner territory="Bin Jawad" owner="Italians"/>
					<territoryOwner territory="Jalu" owner="Italians"/>
					<territoryOwner territory="Benghazi" owner="Italians"/>
					<territoryOwner territory="Al Marj" owner="Italians"/>
					<territoryOwner territory="Shahat" owner="Italians"/>
					<territoryOwner territory="Derna" owner="Italians"/>
					<territoryOwner territory="Bir bin Ghunayma" owner="Italians"/>
					<territoryOwner territory="Al Misallah" owner="Italians"/>
					
					<territoryOwner territory="Tunis" owner="French"/>
					<territoryOwner territory="Ariana" owner="French"/>
					<territoryOwner territory="Nabuel" owner="French"/>
					<territoryOwner territory="Sfax" owner="French"/>
					<territoryOwner territory="Kairouan" owner="French"/>
					<territoryOwner territory="Beja" owner="French"/>
					<territoryOwner territory="Jendouba" owner="French"/>
					<territoryOwner territory="Annaba" owner="French"/>
					<territoryOwner territory="Sidi Bouzid" owner="French"/>
					<territoryOwner territory="Gabes" owner="French"/>
					<territoryOwner territory="Biskra" owner="French"/>
					<territoryOwner territory="Touggourt" owner="French"/>
					<territoryOwner territory="El Borma" owner="French"/>
					<territoryOwner territory="Hassi Messaoud" owner="French"/>
					<territoryOwner territory="Ouargla" owner="French"/>
					<territoryOwner territory="Khenchela" owner="French"/>
					<territoryOwner territory="El Oued" owner="French"/>
					
					<territoryOwner territory="Cairo" owner="British"/>
					<territoryOwner territory="Madinaty" owner="British"/>
					<territoryOwner territory="Mallawi" owner="British"/>
					<territoryOwner territory="Beni Suef" owner="British"/>
					<territoryOwner territory="Minya" owner="British"/>
					<territoryOwner territory="Port Said" owner="British"/>
					<territoryOwner territory="Suez" owner="British"/>
					<territoryOwner territory="Alexandria" owner="British"/>
					<territoryOwner territory="Al Hayz" owner="British"/>
					<territoryOwner territory="El Alamein" owner="British"/>
					<territoryOwner territory="Marsa Matruh" owner="British"/>
					<territoryOwner territory="Sidi Barrani" owner="British"/>
					<territoryOwner territory="Cara" owner="British"/>
					<territoryOwner territory="Az Zaytun" owner="British"/>
					<territoryOwner territory="Al Jaghbub" owner="British"/>
					<territoryOwner territory="Musaid" owner="British"/>
					<territoryOwner territory="Tobruk" owner="British"/>
					<territoryOwner territory="Bawiti" owner="British"/>
                </ownerInitialize>
				<unitInitialize>
				<!-- British -->
						<unitPlacement unitType="Factory" territory="Cairo" quantity="1" owner="British"/>
						<unitPlacement unitType="Infantry" territory="Cairo" quantity="2" owner="British"/>
						<unitPlacement unitType="Artillery" territory="Cairo" quantity="1" owner="British"/>
						<unitPlacement unitType="Cavalry" territory="Cairo" quantity="1" owner="British"/>
						<unitPlacement unitType="Fighter" territory="Cairo" quantity="1" owner="British"/>
						<unitPlacement unitType="Armour" territory="Cairo" quantity="1" owner="British"/>
						<unitPlacement unitType="Cavalry" territory="Port Said" quantity="1" owner="British"/>
						<unitPlacement unitType="Cavalry" territory="El Alamein" quantity="1" owner="British"/>
						<unitPlacement unitType="Cavalry" territory="Musaid" quantity="1" owner="British"/>
						<unitPlacement unitType="Infantry" territory="Tobruk" quantity="2" owner="British"/>
						<unitPlacement unitType="Armour" territory="Tobruk" quantity="1" owner="British"/>
						<unitPlacement unitType="Fighter" territory="Tobruk" quantity="1" owner="British"/>
						<unitPlacement unitType="Mech.Inf" territory="Tobruk" quantity="1" owner="British"/>
						
				<!-- Italians -->
						<unitPlacement unitType="Factory" territory="Tripoli" quantity	="1" owner="Italians"/>
						<unitPlacement unitType="Infantry" territory="Tripoli" quantity	="4" owner="Italians"/>
						<unitPlacement unitType="Artillery" territory="Tripoli" quantity	="1" owner="Italians"/>
						<unitPlacement unitType="Fighter" territory="Tripoli" quantity	="1" owner="Italians"/>
						<unitPlacement unitType="Cavalry" territory="Tripoli" quantity	="1" owner="Italians"/>
						<unitPlacement unitType="Cavalry" territory="Houmt Souk" quantity	="2" owner="Italians"/>
						<unitPlacement unitType="Infantry" territory="Houmt Souk" quantity	="1" owner="Italians"/>
						<unitPlacement unitType="Cavalry" territory="Benghazi" quantity	="1" owner="Italians"/>
						<unitPlacement unitType="Infantry" territory="Derna" quantity	="5" owner="Italians"/>
						<unitPlacement unitType="Cavalry" territory="Derna" quantity	="2" owner="Italians"/>
						<unitPlacement unitType="Fighter" territory="Derna" quantity	="1" owner="Italians"/>
						<unitPlacement unitType="Infantry" territory="Shahat" quantity	="1" owner="Italians"/>

				<!-- French -->
						<unitPlacement unitType="Cavalry" territory="Tunis" quantity	="3" owner="French"/>
						<unitPlacement unitType="Infantry" territory="Tunis" quantity	="2" owner="French"/>
						<unitPlacement unitType="Factory" territory="Tunis" quantity	="1" owner="French"/>
						<unitPlacement unitType="Artillery" territory="Tunis" quantity	="1" owner="French"/>
						<unitPlacement unitType="Fighter" territory="Tunis" quantity	="1" owner="French"/>
						<unitPlacement unitType="Infantry" territory="Gabes" quantity	="1" owner="French"/>
						<unitPlacement unitType="Cavalry" territory="Biskra" quantity	="1" owner="French"/>

                </unitInitialize>
                <resourceInitialize>
                        <resourceGiven player="Italians" resource="PUs" quantity="12"/>
                        <resourceGiven player="French" resource="PUs" quantity="18"/>
                        <resourceGiven player="British" resource="PUs" quantity="18"/>
                </resourceInitialize>
        </initialize>
        <propertyList>
                <property name="Honorable Surrender" value="true" editable="true">
                        <boolean/>
                </property>
    <property name="Triggered Victory" value="true" editable="false">
      <boolean/>
    </property>
    <property name="Damage From Bombing Done To Units Instead Of Territories" value="true" editable="false">
      <boolean/>
    </property>
    <property name="Land Battle Rounds" value="1" editable="true">
       <number min="-1" max="100"/>
    </property>
    <property name="Sea Battle Rounds" value="1" editable="true">
       <number min="-1" max="100"/>
    </property>
    <property name="Use Triggers" value="true" editable="false">
      <boolean/>
    </property>
    <property name="Neutrals Are Impassable" value="true" editable="false"/>
    <property name="Air Battle Rounds" value="1" editable="true">
       <number min="-1" max="100"/>
    </property>
    <property name="Neutrals Are Impassable" value="true" editable="false"/>
                <property name="mapName" value="africawar" editable="false"/>
                <property name="notes">
                        <value>
                <![CDATA[
                    <html>
                        <body bgcolor="000000" align="left">
                            <div style="padding:10px;text-align:justify">
                                <br><img src="AfricaWar.png"/><br>
                                <p style="font-size:14px;color:FFFFFF">
                                    ------------------------------------------------------------------------------------------------------------------------ <br>
                                   <h1> <span style="font-size:200%;color:ffffff;">African Front WW2 <br> </h1>
									
								<h3><span style="font-size:100%;color:ffffff;">	Fight on an indetail map of the normally ignored North African Front. The map starts on June 10th, 1940 with the Italian Declaration of War. <br>
									BEST WITH MULTIPLAYER! <br>
									The game includes a bunch of events (all with notifications) that make playing funner. However, if you want to disable this, then just disable triggers. <br><br> </h3>
<table border="1"bgcolor="FFBF91">
	<tr>
	<th style="font-size:120%;000000"bgcolor="FFBE3D"colspan="3">List of Events</th>
	</tr>

	<th>Event</th>
	<th>Modifier</th>
	<th>Start Turn</th>
	</tr>

	<tr bgcolor="FFDAC4">
	<td>France Falls</td>
	<td>All UNOCCUPIED French territories will become neutral.</td>
	<td>The end of turn 4</td>
	</tr>
		
	<tr bgcolor="FFDAC4">
	<td>Greco-Italian War Begins</td>
	<td>Italy will lose 5 Production every turn until it ends</td>
	<td>The start of turn 12</td>
	</tr>
	
	<tr bgcolor="FFDAC4">
	<td>Africa Korp Joins (Only for Italy)</td>
	<td>Three Panzer units will spawn in Tripoli.</td>
	<td>The start of turn 20</td>
	</tr>
			
	<tr bgcolor="FFDAC4">
	<td>Greco-Italian War Ends</td>
	<td>Italy will stop losing production from the War</td>
	<td>The start of turn 24</td>
	</tr>
				
	<tr bgcolor="FFDAC4">
	<td>Operation Barbarossa Starts</td>
	<td>Italy will start losing 10 production</td>
	<td>The start of turn 26</td>
	</tr>
</table>
									
									<span style="font-size:120%;color:ffffff;"> To Win: Conquer and maintain both Cairo and Tripoli as either side, until the end of the turn<br><br>
									<span style="font-size:120%;color:ffffff;"> Other Game Rules: <br>
									1. Tanks do NOT repair.
									2. Desert is where non-coastal territories are. This gives dramatic reductions in speed and strength.
						
									<br>
									NOTE: Map Relief is obviously not very good. I am willing to replace it with better relief, and credit the creator of it!
									------------------------------------------------------------------------------------------------------------------------ <br>
                                </p><br>
                            </div>
                        </body>
                    </html>
                ]]>
                        </value>
                </property>
        </propertyList>
</game>
